City_ID,City,Lat,Lng,Max Temp,Humidity,Cloudiness,Wind Speed,Country,Date
0,Cidreira,-30.18,-50.21,69.04,78,100,11.56,BR,2020-12-15 04:13:11
1,Xuddur,4.12,43.89,68.67,72,0,16.62,SO,2020-12-15 04:13:03
2,Hermanus,-34.42,19.23,61.0,90,5,7.34,ZA,2020-12-15 04:12:57
3,Mataura,-46.19,168.86,64.0,71,0,15.99,NZ,2020-12-15 04:13:07
4,Geraldton,-28.77,114.6,84.2,28,0,19.46,AU,2020-12-15 04:12:57
5,Chuy,-33.7,-53.46,62.89,64,0,12.53,UY,2020-12-15 04:13:33
6,Saint-Philippe,-21.36,55.77,80.6,78,20,3.36,RE,2020-12-15 04:13:27
7,Punta Arenas,-53.15,-70.92,42.8,75,95,26.4,CL,2020-12-15 04:12:59
8,Rikitea,-23.12,-134.97,76.95,73,74,7.11,PF,2020-12-15 04:12:58
9,Saint-Francois,46.42,3.91,53.6,71,0,8.05,FR,2020-12-15 04:20:09
10,Busselton,-33.65,115.33,71.01,36,0,1.99,AU,2020-12-15 04:08:18
11,Zaysan,47.47,84.87,2.28,86,0,1.92,KZ,2020-12-15 04:20:10
12,Buin,-33.73,-70.75,69.01,42,31,6.93,CL,2020-12-15 04:15:30
13,Dalby,-27.18,151.27,82.4,54,75,14.99,AU,2020-12-15 04:09:34
14,Elat,29.56,34.95,60.8,67,40,2.86,IL,2020-12-15 04:20:10
15,Albany,42.6,-73.97,33.01,69,31,1.99,US,2020-12-15 04:12:57
16,San Matias,-16.37,-58.4,72.57,93,90,4.21,BO,2020-12-15 04:13:38
17,Zonguldak,41.25,31.83,49.24,90,100,2.28,TR,2020-12-15 04:20:10
18,Atuona,-9.8,-139.03,78.89,78,10,17.16,PF,2020-12-15 04:13:02
19,Port-Gentil,-0.72,8.78,79.12,83,29,9.95,GA,2020-12-15 04:13:42
20,Vao,-22.67,167.48,76.87,80,17,23.51,NC,2020-12-15 04:13:37
21,Norman Wells,65.28,-126.83,-40.0,65,40,2.24,CA,2020-12-15 04:12:56
22,Sao Geraldo Do Araguaia,-6.4,-48.55,73.85,85,79,2.19,BR,2020-12-15 04:20:11
23,Lorengau,-2.02,147.27,84.31,73,95,6.06,PG,2020-12-15 04:13:08
24,Ushuaia,-54.8,-68.3,35.6,93,75,20.8,AR,2020-12-15 04:12:59
25,Broome,42.25,-75.83,30.0,63,75,18.34,US,2020-12-15 04:13:26
26,Nemuro,43.32,145.57,28.4,36,40,17.22,JP,2020-12-15 04:17:50
27,Clyde River,70.47,-68.59,6.8,92,90,16.11,CA,2020-12-15 04:13:06
28,Ribeira Grande,38.52,-28.7,63.0,79,100,33.49,PT,2020-12-15 04:13:10
29,Vaini,-21.2,-175.2,80.6,83,75,18.34,TO,2020-12-15 04:12:56
30,Severo-Kurilsk,50.68,156.12,28.72,93,92,12.82,RU,2020-12-15 04:13:19
31,Coquimbo,-29.95,-71.34,55.4,93,0,0.36,CL,2020-12-15 04:14:04
32,Touros,-5.2,-35.46,77.0,88,40,5.82,BR,2020-12-15 04:20:12
33,Kuah,6.33,99.84,89.6,66,20,8.05,MY,2020-12-15 04:15:27
34,Rio Gallegos,-51.62,-69.22,44.6,64,40,29.97,AR,2020-12-15 04:13:56
35,Kaitangata,-46.28,169.85,62.01,73,1,17.0,NZ,2020-12-15 04:13:14
36,Kavieng,-2.57,150.8,84.74,70,97,2.64,PG,2020-12-15 04:13:54
37,Barrow,71.29,-156.79,-2.2,70,1,27.51,US,2020-12-15 04:13:10
38,Berlevag,70.86,29.09,28.11,95,100,17.78,NO,2020-12-15 04:13:34
39,Saint George,37.1,-113.58,36.0,55,1,13.87,US,2020-12-15 04:13:53
40,Yiyang,28.59,112.33,35.96,78,98,6.85,CN,2020-12-15 04:20:13
41,Secu,44.47,23.3,34.0,90,90,2.24,RO,2020-12-15 04:20:14
42,Noumea,-22.28,166.46,89.6,52,0,18.34,NC,2020-12-15 04:19:35
43,Panzhihua,26.59,101.71,66.76,46,0,0.69,CN,2020-12-15 04:20:14
44,Lebu,-37.62,-73.65,52.07,81,1,15.03,CL,2020-12-15 04:13:23
45,Quatre Cocos,-20.21,57.76,77.0,94,75,11.41,MU,2020-12-15 04:13:17
46,Puerto Ayora,-0.74,-90.35,72.0,90,42,7.0,EC,2020-12-15 04:13:11
47,Okha,53.57,142.95,16.95,94,100,28.52,RU,2020-12-15 04:15:44
48,Bethel,41.37,-73.41,30.99,92,1,3.36,US,2020-12-15 04:13:32
49,Cape Town,-33.93,18.42,64.0,82,0,14.99,ZA,2020-12-15 04:12:56
50,Oranjestad,12.52,-70.03,80.6,83,40,14.99,AW,2020-12-15 04:13:13
51,Ilulissat,69.22,-51.1,15.8,66,0,9.17,GL,2020-12-15 04:13:17
52,Kropotkin,45.44,40.58,39.24,89,0,10.49,RU,2020-12-15 04:15:42
53,Upernavik,72.79,-56.15,3.54,91,23,14.97,GL,2020-12-15 04:13:24
54,Durres,41.32,19.44,33.8,86,0,3.36,AL,2020-12-15 04:20:15
55,Nipawin,53.37,-104.0,-5.8,83,90,4.7,CA,2020-12-15 04:19:11
56,Bengkulu,-3.8,102.27,82.24,68,100,4.5,ID,2020-12-15 04:13:20
57,Chokurdakh,70.63,147.92,-21.23,88,100,8.28,RU,2020-12-15 04:13:01
58,Saskylakh,71.92,114.08,-31.86,82,89,8.23,RU,2020-12-15 04:13:25
59,Lavrentiya,65.58,-171.0,14.76,95,100,24.09,RU,2020-12-15 04:13:34
60,Mahebourg,-20.41,57.7,77.0,94,75,11.41,MU,2020-12-15 04:13:19
61,Portland,45.52,-122.68,44.01,89,90,1.01,US,2020-12-15 04:20:15
62,Marystown,47.17,-55.15,40.84,96,100,12.73,CA,2020-12-15 04:20:16
63,Beringovskiy,63.05,179.32,17.29,95,100,13.49,RU,2020-12-15 04:13:27
64,Arraial Do Cabo,-22.97,-42.03,73.4,89,40,12.75,BR,2020-12-15 04:13:23
65,Latung,5.5,120.88,83.03,74,94,5.64,PH,2020-12-15 04:20:16
66,Yellowknife,62.46,-114.35,-24.0,73,20,6.93,CA,2020-12-15 04:13:10
67,Hilo,19.73,-155.09,78.8,65,1,4.7,US,2020-12-15 04:11:26
68,Grajau,-5.82,-46.14,73.26,90,71,2.17,BR,2020-12-15 04:20:16
69,Gat,31.61,34.76,57.0,40,0,3.0,IL,2020-12-15 04:13:39
70,Nikolskoye,59.7,30.79,28.99,92,90,2.24,RU,2020-12-15 04:13:33
71,Morondava,-20.28,44.28,81.01,72,19,4.27,MG,2020-12-15 04:15:47
72,Port Elizabeth,-33.92,25.57,64.4,93,20,8.05,ZA,2020-12-15 04:10:06
73,Ternate,0.8,127.4,83.37,74,92,11.79,ID,2020-12-15 04:13:33
74,Stepnogorsk,52.35,71.89,4.55,93,78,10.11,KZ,2020-12-15 04:20:17
75,Kodiak,57.79,-152.41,32.0,79,90,5.82,US,2020-12-15 04:13:33
76,Souillac,-20.52,57.52,77.0,94,75,11.41,MU,2020-12-15 04:13:08
77,Tiznit,29.58,-9.5,56.03,87,100,0.34,MA,2020-12-15 04:13:30
78,Bandar-E Lengeh,26.56,54.88,60.8,59,0,6.93,IR,2020-12-15 04:20:18
79,Babu,24.42,111.52,41.0,74,100,6.06,CN,2020-12-15 04:20:18
80,Zhigansk,66.77,123.37,-32.19,82,100,16.26,RU,2020-12-15 04:13:38
81,Altagracia De Orituco,9.86,-66.38,71.24,91,26,4.09,VE,2020-12-15 04:20:18
82,Hamilton,39.18,-84.53,28.99,74,1,3.89,US,2020-12-15 04:20:06
83,Novopokrovka,49.84,36.55,30.2,92,90,4.47,UA,2020-12-15 04:20:18
84,Bluff,-46.6,168.33,64.0,71,0,15.99,NZ,2020-12-15 04:12:56
85,Faya,18.39,42.45,46.4,81,0,4.7,SA,2020-12-15 04:13:37
86,Zaranj,30.97,61.88,23.0,53,0,4.7,AF,2020-12-15 04:20:19
87,Jiuquan,39.74,98.52,19.0,88,90,3.33,CN,2020-12-15 04:13:41
88,Bredasdorp,-34.53,20.04,59.0,93,29,4.7,ZA,2020-12-15 04:13:01
89,Thompson,55.74,-97.86,-25.6,82,5,3.36,CA,2020-12-15 04:13:01
90,Kapaa,22.08,-159.32,78.8,78,40,6.93,US,2020-12-15 04:13:08
91,Qianan,44.99,124.06,1.94,77,0,6.78,CN,2020-12-15 04:20:19
92,Mandalgovi,45.76,106.27,2.46,83,0,8.88,MN,2020-12-15 04:20:19
93,Dunmore East,52.15,-6.99,46.0,86,60,4.0,IE,2020-12-15 04:20:20
94,Sitka,57.05,-135.33,42.8,70,90,12.75,US,2020-12-15 04:13:01
95,Norheimsund,60.37,6.15,46.99,93,75,18.34,NO,2020-12-15 04:18:49
96,New Norfolk,-42.78,147.06,77.0,77,40,24.16,AU,2020-12-15 04:13:01
97,Jamestown,42.1,-79.24,28.99,68,90,16.11,US,2020-12-15 04:12:56
98,Bua Yai,15.59,102.43,82.99,98,24,13.71,TH,2020-12-15 04:20:21
99,West Wendover,40.74,-114.07,26.6,73,20,4.7,US,2020-12-15 04:20:21
100,Besancon,47.25,6.02,48.0,74,100,7.0,FR,2020-12-15 04:20:21
101,Alofi,-19.06,-169.92,77.0,88,90,10.29,NU,2020-12-15 04:15:48
102,Shimoda,34.67,138.95,51.8,51,20,17.22,JP,2020-12-15 04:18:01
103,Ambon,-3.7,128.18,89.6,62,40,8.05,ID,2020-12-15 04:11:13
104,Talnakh,69.49,88.4,-36.4,65,0,2.24,RU,2020-12-15 04:13:59
105,Aklavik,68.22,-135.01,-18.4,75,48,2.24,CA,2020-12-15 04:13:34
106,Sembakung,3.82,117.25,85.33,73,95,2.55,ID,2020-12-15 04:20:21
107,Asfi,32.3,-9.24,61.7,84,96,3.96,MA,2020-12-15 04:20:22
108,Mehamn,71.04,27.85,27.63,95,100,12.55,NO,2020-12-15 04:13:07
109,Qasigiannguit,68.82,-51.19,15.8,66,4,9.17,GL,2020-12-15 04:13:14
110,Esperance,-33.87,121.9,68.0,45,75,14.99,AU,2020-12-15 04:12:59
111,Palmer,42.16,-72.33,35.6,69,40,11.41,US,2020-12-15 04:20:22
112,Ban Nahin,18.24,104.21,88.0,49,1,4.29,LA,2020-12-15 04:20:22
113,Tomatlan,19.93,-105.25,66.52,93,0,1.39,MX,2020-12-15 04:20:22
114,Praia,14.92,-23.51,71.6,73,20,10.29,CV,2020-12-15 04:20:23
115,Gualaquiza,-3.4,-78.55,61.32,89,96,1.54,EC,2020-12-15 04:20:23
116,Katsuura,35.13,140.3,52.0,48,20,5.82,JP,2020-12-15 04:13:17
117,Hervey Bay,-25.3,152.85,84.99,66,75,14.99,AU,2020-12-15 04:19:47
118,Roura,4.73,-52.33,75.2,100,0,2.04,GF,2020-12-15 04:20:23
119,Airai,-8.93,125.41,67.75,100,100,1.68,TL,2020-12-15 04:13:39
120,Vostochnyy,55.82,37.87,23.0,92,90,6.71,RU,2020-12-15 04:20:23
121,Skegness,53.14,0.34,45.0,100,0,9.17,GB,2020-12-15 04:15:39
122,San Ramon,37.78,-121.98,48.2,76,1,5.82,US,2020-12-15 04:20:24
123,Kieta,-6.22,155.63,84.85,73,93,6.17,PG,2020-12-15 04:13:01
124,Komsomolskiy,40.43,71.72,30.2,86,75,1.95,UZ,2020-12-15 04:20:24
125,Nakamura,32.98,132.93,43.0,60,18,12.33,JP,2020-12-15 04:20:24
126,Qaqortoq,60.72,-46.03,39.2,35,100,16.11,GL,2020-12-15 04:13:31
127,Port Alfred,-33.59,26.89,66.0,94,99,1.99,ZA,2020-12-15 04:13:17
128,Provideniya,64.38,-173.3,17.6,72,90,20.13,RU,2020-12-15 04:13:31
129,Cherskiy,68.75,161.3,-19.21,88,98,5.41,RU,2020-12-15 04:14:05
130,Aykhal,66.0,111.5,-22.0,67,75,4.47,RU,2020-12-15 04:20:25
131,Hithadhoo,-0.6,73.08,81.34,74,20,11.36,MV,2020-12-15 04:13:09
132,Khatanga,71.97,102.5,-24.32,87,96,2.53,RU,2020-12-15 04:12:56
133,Codrington,-38.27,141.97,66.7,71,21,14.97,AU,2020-12-15 04:13:55
134,Pisco,-13.7,-76.22,66.2,88,90,13.87,PE,2020-12-15 04:13:20
135,Tatarsk,55.22,75.98,2.71,94,77,9.26,RU,2020-12-15 04:15:44
136,Bilibino,68.05,166.44,-0.72,87,99,5.73,RU,2020-12-15 04:13:11
137,Christchurch,-43.53,172.63,75.2,36,0,16.11,NZ,2020-12-15 04:09:25
138,Aguimes,27.91,-15.45,64.4,88,40,10.29,ES,2020-12-15 04:13:02
139,Betafo,-19.83,46.85,62.53,71,45,3.8,MG,2020-12-15 04:15:47
140,Businga,3.33,20.88,70.84,82,14,0.45,CD,2020-12-15 04:20:26
141,Sherbakul,54.63,72.4,5.0,77,40,4.47,RU,2020-12-15 04:18:50
142,Mar Del Plata,-38.0,-57.56,60.8,59,40,17.22,AR,2020-12-15 04:12:59
143,Salalah,17.02,54.09,71.6,43,0,9.17,OM,2020-12-15 04:12:58
144,Port Lincoln,-34.73,135.87,65.52,70,16,19.66,AU,2020-12-15 04:13:09
145,Butaritari,3.07,172.79,81.75,79,60,14.99,KI,2020-12-15 04:12:57
146,Waipawa,-41.41,175.52,69.01,56,0,23.04,NZ,2020-12-15 04:20:27
147,Emba,48.83,58.14,16.18,78,98,3.15,KZ,2020-12-15 04:20:27
148,Ahuimanu,21.44,-157.84,82.4,65,40,6.93,US,2020-12-15 04:13:17
149,Vangaindrano,-23.35,47.6,73.27,85,100,3.06,MG,2020-12-15 04:15:47
150,Moose Factory,51.26,-80.61,-9.4,76,1,16.11,CA,2020-12-15 04:20:27
151,Yankton,42.87,-97.4,17.6,72,1,6.93,US,2020-12-15 04:20:27
152,Yurimaguas,-5.9,-76.08,71.22,90,100,1.68,PE,2020-12-15 04:20:27
153,Marawi,8.0,124.29,82.99,82,24,7.0,PH,2020-12-15 04:13:23
154,Amarante Do Maranhao,-5.57,-46.74,71.08,92,90,2.84,BR,2020-12-15 04:20:28
155,Mae Sai,20.43,99.88,80.01,78,0,3.36,TH,2020-12-15 04:20:28
156,Deputatskiy,69.3,139.9,-31.0,84,88,4.85,RU,2020-12-15 04:13:22
157,Esil,51.96,66.4,4.53,94,98,5.17,KZ,2020-12-15 04:18:53
158,Seoul,37.57,126.98,23.0,29,0,10.29,KR,2020-12-15 04:12:03
159,Puerto Escondido,15.85,-97.07,77.7,75,75,6.69,MX,2020-12-15 04:20:28
160,Hobart,-42.88,147.33,77.0,77,40,24.16,AU,2020-12-15 04:13:05
161,Zhuanghe,39.7,122.99,17.53,71,0,10.33,CN,2020-12-15 04:20:29
162,Roma,43.21,-75.46,32.0,89,90,18.34,US,2020-12-15 04:18:40
163,Olafsvik,64.89,-23.71,38.08,78,100,31.18,IS,2020-12-15 04:13:27
164,Batagay-Alyta,67.8,130.41,-34.26,56,0,1.52,RU,2020-12-15 04:14:02
165,Herat,34.5,62.0,30.43,77,0,0.81,AF,2020-12-15 04:20:29
166,Tezu,27.92,96.17,72.82,34,0,3.09,IN,2020-12-15 04:20:29
167,Am Timan,11.03,20.28,68.34,23,0,4.81,TD,2020-12-15 04:13:55
168,Hasaki,35.73,140.83,54.0,34,20,9.17,JP,2020-12-15 04:09:18
169,Victoria,22.29,114.16,60.01,68,52,7.0,HK,2020-12-15 04:12:13
170,Bronnoysund,65.46,12.2,39.2,64,75,17.22,NO,2020-12-15 04:20:30
171,Tuktoyaktuk,69.45,-133.04,-20.2,75,20,8.05,CA,2020-12-15 04:13:21
172,Mazatlan,23.22,-106.42,69.01,88,20,3.36,MX,2020-12-15 04:19:31
173,Auki,-8.77,160.7,86.09,67,66,8.95,SB,2020-12-15 04:14:05
174,Lincoln,40.8,-96.67,19.4,73,1,5.82,US,2020-12-15 04:19:17
175,Katherine,-14.47,132.27,93.2,49,75,8.05,AU,2020-12-15 04:13:21
176,Tiksi,71.69,128.87,-25.29,82,54,5.46,RU,2020-12-15 04:13:19
177,Polunochnoye,60.87,60.42,12.58,96,100,2.75,RU,2020-12-15 04:20:31
178,Takoradi,4.88,-1.76,77.85,88,29,6.55,GH,2020-12-15 04:20:31
179,Mount Isa,-20.73,139.5,100.4,22,40,9.17,AU,2020-12-15 04:12:23
180,Santiago,-33.46,-70.65,68.0,42,38,6.93,CL,2020-12-15 04:20:32
181,Bela,25.93,81.98,68.22,28,19,5.64,IN,2020-12-15 04:20:32
182,Shenzhen,22.55,114.07,64.0,67,68,1.01,CN,2020-12-15 04:15:39
183,Guiberoua,6.24,-6.17,71.55,99,25,2.48,CI,2020-12-15 04:20:32
184,Fort Frances,48.6,-93.4,-0.4,64,40,3.36,CA,2020-12-15 04:20:32
185,Jinji,23.23,110.83,46.09,64,99,8.14,CN,2020-12-15 04:20:32
186,Mapiripan,2.89,-72.13,74.16,94,96,3.24,CO,2020-12-15 04:20:32
187,Nurota,40.56,65.69,21.2,92,90,2.24,UZ,2020-12-15 04:20:32
188,Plouzane,48.38,-4.62,50.0,76,20,12.75,FR,2020-12-15 04:20:32
189,Jucuaran,13.25,-88.25,67.93,95,74,1.77,SV,2020-12-15 04:20:33
190,Naze,28.37,129.48,62.6,55,75,14.99,JP,2020-12-15 04:12:40
191,Leningradskiy,69.38,178.42,18.01,95,100,21.5,RU,2020-12-15 04:13:13
192,Hashtrud,37.48,47.05,32.04,95,96,1.1,IR,2020-12-15 04:19:08
193,Dutse,11.76,9.34,62.13,29,0,4.97,NG,2020-12-15 04:20:33
194,Manica,49.0,-1.17,44.6,93,0,5.82,FR,2020-12-15 04:20:33
195,Bakchar,57.02,82.07,10.76,95,100,8.84,RU,2020-12-15 04:18:51
196,East London,-33.02,27.91,64.4,93,0,9.17,ZA,2020-12-15 04:13:20
197,Axim,4.87,-2.24,77.85,88,27,6.42,GH,2020-12-15 04:11:30
198,Puerto Colombia,10.99,-74.95,80.6,88,0,9.17,CO,2020-12-15 04:15:46
199,Sur,22.57,59.53,72.18,51,0,14.2,OM,2020-12-15 04:13:32
200,Sioux Lookout,50.1,-91.92,-5.8,70,90,6.93,CA,2020-12-15 04:13:39
201,Absam,47.3,11.5,37.99,70,99,3.36,AT,2020-12-15 04:20:34
202,Pontecagnano,40.64,14.87,50.0,71,0,8.01,IT,2020-12-15 04:20:34
203,Matara,5.95,80.54,82.44,69,65,0.65,LK,2020-12-15 04:20:34
204,Durham,36.03,-78.87,39.2,80,1,9.1,US,2020-12-15 04:20:34
205,Tasiilaq,65.61,-37.64,30.2,63,99,5.82,GL,2020-12-15 04:12:58
206,Shizunai,42.33,142.37,27.25,83,96,24.2,JP,2020-12-15 04:16:42
207,Chitral,35.85,71.79,27.37,73,53,6.38,PK,2020-12-15 04:18:57
208,Kharp,66.8,65.81,-9.63,88,57,3.06,RU,2020-12-15 04:20:35
209,Veraval,20.9,70.37,71.51,55,0,13.18,IN,2020-12-15 04:19:10
210,Dikson,73.51,80.55,-19.79,88,74,9.26,RU,2020-12-15 04:12:58
211,Chicama,-7.84,-79.15,68.13,77,99,3.74,PE,2020-12-15 04:14:08
212,Bambous Virieux,-20.34,57.76,77.0,94,75,11.41,MU,2020-12-15 04:13:47
213,Gorontalo,0.54,123.06,86.38,67,70,6.87,ID,2020-12-15 04:20:00
214,Varhaug,58.61,5.65,48.2,87,90,10.29,NO,2020-12-15 04:20:36
215,Torbay,47.67,-52.73,37.0,100,90,16.11,CA,2020-12-15 04:20:36
216,Palana,59.12,159.97,14.16,93,28,22.39,RU,2020-12-15 04:20:36
217,Namatanai,-3.67,152.43,84.54,73,100,3.76,PG,2020-12-15 04:13:33
218,Sao Filipe,14.9,-24.5,73.63,73,15,9.01,CV,2020-12-15 04:13:07
219,El Sauzal,31.9,-116.68,57.0,83,38,4.09,MX,2020-12-15 04:20:36
220,Yarada,17.65,83.27,78.8,74,20,10.29,IN,2020-12-15 04:20:36
221,Ugoofaaru,5.67,73.0,82.11,74,68,9.8,MV,2020-12-15 04:13:49
222,Cahuacan,19.64,-99.42,60.01,62,5,3.36,MX,2020-12-15 04:20:36
223,Dingle,11.0,122.67,84.4,77,74,12.62,PH,2020-12-15 04:13:25
224,Novikovo,51.15,37.89,30.31,98,100,7.52,RU,2020-12-15 04:20:37
225,Monterey,36.25,-121.25,48.0,1,0,4.0,US,2020-12-15 04:20:37
226,Kamaishi,39.27,141.88,26.6,86,75,5.82,JP,2020-12-15 04:18:14
227,Kruisfontein,-34.0,24.73,64.0,87,13,1.01,ZA,2020-12-15 04:13:48
228,Kargasok,59.06,80.86,12.74,96,93,8.84,RU,2020-12-15 04:19:03
229,Port Keats,-14.25,129.55,89.65,62,100,9.71,AU,2020-12-15 04:13:27
230,Enshi,30.3,109.48,45.14,59,86,0.67,CN,2020-12-15 04:19:04
231,Dingzhou,38.51,115.0,26.6,42,0,4.47,CN,2020-12-15 04:20:37
232,Luderitz,-26.65,15.16,64.4,77,0,14.99,NA,2020-12-15 04:10:10
233,Kedrovyy,56.17,91.82,19.4,73,40,15.66,RU,2020-12-15 04:20:38
234,Vestmannaeyjar,63.44,-20.27,42.85,69,100,12.86,IS,2020-12-15 04:13:14
235,Shache,38.42,77.24,26.1,96,98,7.47,CN,2020-12-15 04:19:02
236,Longyearbyen,78.22,15.64,21.2,57,0,20.8,SJ,2020-12-15 04:13:10
237,Fortuna,40.6,-124.16,44.01,94,100,3.04,US,2020-12-15 04:20:39
238,Luanda,-8.84,13.23,73.4,83,75,3.36,AO,2020-12-15 04:20:39
239,Castro,-24.79,-50.01,63.45,96,74,3.04,BR,2020-12-15 04:12:55
240,Vernon,50.26,-119.27,32.0,92,99,2.24,CA,2020-12-15 04:19:11
241,Camacupa,-12.02,17.48,58.8,95,29,0.58,AO,2020-12-15 04:20:39
242,Pechenga,69.53,31.17,23.0,92,90,26.4,RU,2020-12-15 04:20:39
243,Saumur,47.33,-0.25,50.0,100,100,5.82,FR,2020-12-15 04:20:39
244,Haines Junction,60.75,-137.51,-2.2,77,100,1.12,CA,2020-12-15 04:19:13
245,Corn Island,12.17,-83.04,80.73,80,35,13.27,NI,2020-12-15 04:20:39
246,Faanui,-16.48,-151.75,80.2,76,1,16.78,PF,2020-12-15 04:13:14
247,Rosarito,32.33,-117.03,59.0,81,1,9.35,MX,2020-12-15 04:15:42
248,Imbituba,-28.24,-48.67,69.8,94,75,3.36,BR,2020-12-15 04:20:40
249,Fort Nelson,58.81,-122.7,-4.0,76,90,2.24,CA,2020-12-15 04:13:42
250,Iowa City,41.66,-91.53,21.2,79,1,3.42,US,2020-12-15 04:20:40
251,Ninghai,29.29,121.42,41.0,77,12,1.01,CN,2020-12-15 04:20:40
252,Lompoc,34.64,-120.46,50.0,93,1,8.05,US,2020-12-15 04:13:13
253,Xiongzhou,25.12,114.3,49.46,54,77,6.4,CN,2020-12-15 04:20:40
254,Srednekolymsk,67.45,153.68,-29.85,84,66,4.72,RU,2020-12-15 04:13:18
255,Broken Hill,-31.95,141.43,100.4,10,6,16.11,AU,2020-12-15 04:20:40
256,Fomboni,-12.28,43.74,82.54,68,60,6.24,KM,2020-12-15 04:20:40
257,Laguna,38.42,-121.42,45.0,87,1,4.94,US,2020-12-15 04:20:41
258,Rawson,-43.3,-65.1,52.56,45,33,9.84,AR,2020-12-15 04:13:51
259,Vilhena,-12.74,-60.15,68.88,91,100,3.87,BR,2020-12-15 04:20:41
260,Longyan,25.11,117.02,47.84,82,97,3.0,CN,2020-12-15 04:20:41
261,Alma,48.55,-71.65,17.6,85,100,3.36,CA,2020-12-15 04:15:48
262,Port Augusta,-32.5,137.77,93.99,57,40,21.92,AU,2020-12-15 04:20:42
263,Sena Madureira,-9.07,-68.66,72.34,96,100,2.3,BR,2020-12-15 04:20:42
264,Nara,34.69,135.8,46.99,48,75,19.46,JP,2020-12-15 04:13:28
265,Blackwater,-23.58,148.88,89.04,38,65,4.05,AU,2020-12-15 04:20:42
266,Haukipudas,65.18,25.35,27.0,86,90,6.93,FI,2020-12-15 04:20:42
267,Bandarban,22.2,92.23,78.94,41,0,4.88,BD,2020-12-15 04:20:42
268,Aksarka,66.56,67.8,-13.79,88,0,8.84,RU,2020-12-15 04:13:12
269,Sinnamary,5.38,-52.95,78.57,87,3,9.15,GF,2020-12-15 04:13:47
270,Praya,14.92,-23.51,71.6,73,20,10.29,CV,2020-12-15 04:20:23
271,Markova,48.68,24.41,32.18,94,61,2.13,UA,2020-12-15 04:20:42
272,Ostrovnoy,68.05,39.51,20.86,96,78,15.5,RU,2020-12-15 04:12:57
273,Flin Flon,54.77,-101.86,-5.28,90,78,2.46,CA,2020-12-15 04:20:43
274,Carnarvon,-24.87,113.63,78.8,57,0,19.46,AU,2020-12-15 04:09:17
275,Koungou,-12.73,45.2,82.4,78,0,5.82,YT,2020-12-15 04:20:43
276,Traralgon,-38.18,146.53,96.01,27,6,5.99,AU,2020-12-15 04:20:43
277,Avarua,-21.21,-159.78,82.4,74,95,6.93,CK,2020-12-15 04:13:24
278,Camacha,33.08,-16.33,59.0,67,40,9.17,PT,2020-12-15 04:12:57
279,Klaksvik,62.23,-6.59,44.6,100,82,4.7,FO,2020-12-15 04:13:59
280,Beira,-19.84,34.84,77.0,94,40,4.7,MZ,2020-12-15 04:14:08
281,Meulaboh,4.14,96.13,84.0,67,68,2.68,ID,2020-12-15 04:13:15
282,Kahului,20.89,-156.47,80.6,57,40,17.22,US,2020-12-15 04:13:27
283,Ambovombe,-25.17,46.08,75.24,63,99,6.58,MG,2020-12-15 04:20:44
284,Curvelo,-18.76,-44.43,69.1,70,27,2.26,BR,2020-12-15 04:20:44
285,Lasa,46.62,10.7,35.01,100,82,1.12,IT,2020-12-15 04:19:33
286,Musoma,-1.5,33.8,68.0,77,20,6.53,TZ,2020-12-15 04:20:44
287,New Smyrna Beach,29.03,-80.93,66.2,82,75,5.82,US,2020-12-15 04:19:18
288,Suclayin,15.76,121.55,81.82,76,87,10.11,PH,2020-12-15 04:20:44
289,Silver City,32.77,-108.28,37.4,51,1,23.04,US,2020-12-15 04:20:44
290,Kyren,51.68,102.14,10.6,80,61,2.66,RU,2020-12-15 04:13:36
291,Bathsheba,13.22,-59.52,78.8,83,20,10.29,BB,2020-12-15 04:20:44
292,Concepcion,-36.83,-73.05,55.4,76,0,14.99,CL,2020-12-15 04:20:44
293,Henties Bay,-22.12,14.28,61.0,90,38,2.84,NA,2020-12-15 04:10:09
294,Socuellamos,39.29,-2.79,46.99,96,76,10.0,ES,2020-12-15 04:20:45
295,Maldonado,-34.67,-54.92,71.01,48,0,6.93,UY,2020-12-15 04:20:45
296,Gambela,8.25,34.58,76.24,44,23,3.85,ET,2020-12-15 04:20:45
297,Kankon,15.02,74.02,78.8,61,20,10.29,IN,2020-12-15 04:20:45
298,Dicabisagan,17.08,122.42,78.46,84,96,8.66,PH,2020-12-15 04:20:45
299,Hofn,64.25,-15.21,39.83,90,100,25.1,IS,2020-12-15 04:13:43
300,Klyuchi,52.27,79.17,4.64,93,65,10.51,RU,2020-12-15 04:18:54
301,Constitucion,-35.33,-72.42,55.4,88,1,12.01,CL,2020-12-15 04:13:02
302,Malpur,23.35,73.45,70.03,62,0,11.18,IN,2020-12-15 04:20:46
303,Half Moon Bay,37.46,-122.43,51.01,87,1,4.61,US,2020-12-15 04:20:46
304,Ferme-Neuve,46.7,-75.45,19.4,62,99,10.29,CA,2020-12-15 04:20:46
305,La Ronge,55.1,-105.28,-14.8,83,92,1.12,CA,2020-12-15 04:12:55
306,Kinangan,6.3,125.58,86.0,62,20,4.7,PH,2020-12-15 04:20:46
307,Nantucket,41.28,-70.1,39.2,69,1,21.92,US,2020-12-15 04:20:47
308,Denizli,37.84,29.07,42.8,93,75,9.17,TR,2020-12-15 04:20:47
309,Englewood,39.65,-104.99,27.0,85,90,5.82,US,2020-12-15 04:20:47
310,Tiarei,-17.53,-149.33,84.2,62,20,17.22,PF,2020-12-15 04:14:10
311,Chippewa Falls,44.94,-91.39,10.4,60,1,3.36,US,2020-12-15 04:20:47
312,Marathon,44.9,-89.77,10.4,66,1,8.05,US,2020-12-15 04:20:47
313,Matamoros,25.53,-103.25,52.0,36,0,2.75,MX,2020-12-15 04:20:48
314,Banjar,-8.19,114.97,84.2,79,20,10.29,ID,2020-12-15 04:13:32
315,Samarai,-10.62,150.67,83.75,69,69,8.39,PG,2020-12-15 04:13:57
316,Kutum,14.2,24.67,57.45,32,3,3.0,SD,2020-12-15 04:13:55
317,Pevek,69.7,170.31,9.23,93,87,7.83,RU,2020-12-15 04:13:00
318,Abancay,-13.63,-72.88,58.69,66,100,1.28,PE,2020-12-15 04:20:48
319,Urumqi,43.8,87.6,-0.4,77,75,2.24,CN,2020-12-15 04:20:48
320,Hami,42.8,93.45,19.63,69,0,6.26,CN,2020-12-15 04:10:49
321,Mogadishu,2.04,45.34,75.81,81,13,14.85,SO,2020-12-15 04:14:09
322,Sao Joao Da Barra,-21.64,-41.05,74.62,87,76,16.89,BR,2020-12-15 04:20:48
323,Santa Ines,-3.67,-45.38,74.01,95,99,2.86,BR,2020-12-15 04:20:49
324,Saint-Pierre,-21.34,55.48,82.4,69,0,6.93,RE,2020-12-15 04:20:49
325,Necochea,-38.55,-58.74,55.99,75,12,9.28,AR,2020-12-15 04:13:31
326,Rudnogorsk,57.26,103.75,5.85,95,100,8.81,RU,2020-12-15 04:20:49
327,Batticaloa,7.71,81.69,78.37,83,95,4.88,LK,2020-12-15 04:20:49
328,Chapais,49.78,-74.85,8.6,84,90,13.87,CA,2020-12-15 04:13:40
329,Sept-Iles,50.2,-66.38,19.99,85,68,8.05,CA,2020-12-15 04:20:50
330,Mecca,21.43,39.83,71.49,86,100,2.28,SA,2020-12-15 04:18:56
331,Marzuq,14.4,46.47,52.99,43,1,1.54,YE,2020-12-15 04:20:50
332,Baoshan,46.56,131.42,-1.44,82,3,15.48,CN,2020-12-15 04:20:50
333,Ancud,-41.87,-73.82,45.0,81,75,4.7,CL,2020-12-15 04:13:36
334,Bela Vista De Goias,-16.97,-48.95,77.0,78,75,6.93,BR,2020-12-15 04:20:51
335,Camargo,27.67,-105.17,51.57,43,0,5.46,MX,2020-12-15 04:20:51
336,Coruripe,-10.13,-36.18,75.43,85,9,7.72,BR,2020-12-15 04:20:51
337,Ejura,7.39,-1.36,74.1,86,37,4.41,GH,2020-12-15 04:20:51
338,Santa Isabel Do Rio Negro,-0.41,-65.02,74.12,90,95,1.41,BR,2020-12-15 04:20:51
339,Sar-E Pul,35.83,66.17,21.79,80,0,5.93,AF,2020-12-15 04:20:51
340,Rtishchevo,52.26,43.79,16.63,96,100,12.62,RU,2020-12-15 04:20:51
341,Getazat,40.04,44.56,37.4,100,90,1.12,AM,2020-12-15 04:20:51
342,Makakilo City,21.35,-158.09,82.4,54,1,8.05,US,2020-12-15 04:13:58
343,Abu Kamal,34.45,40.92,57.61,63,100,6.06,SY,2020-12-15 04:18:55
344,Carutapera,-1.2,-46.02,77.36,87,100,4.9,BR,2020-12-15 04:13:38
345,Saubara,-12.74,-38.77,80.6,69,20,8.05,BR,2020-12-15 04:20:52
346,Barra Do Bugres,-15.07,-57.18,72.79,89,100,0.49,BR,2020-12-15 04:20:52
347,Chernyshevskiy,63.01,112.47,-18.44,89,100,5.48,RU,2020-12-15 04:18:48
348,Kamenka,51.32,42.77,17.01,84,100,1.01,RU,2020-12-15 04:20:52
349,Svetlyy,54.67,20.13,35.6,93,99,8.95,RU,2020-12-15 04:13:46
350,Georgetown,5.41,100.34,84.2,74,20,3.36,MY,2020-12-15 04:13:17
351,Teahupoo,-17.83,-149.27,84.2,62,20,17.22,PF,2020-12-15 04:20:52
352,Ponto Novo,-10.86,-40.13,66.65,81,1,2.71,BR,2020-12-15 04:20:52
353,Bluffton,32.24,-80.86,55.0,71,1,16.11,US,2020-12-15 04:20:53
354,Yulara,-25.24,130.99,96.8,28,40,11.41,AU,2020-12-15 04:13:24
355,Wewak,-3.55,143.63,83.95,69,88,6.4,PG,2020-12-15 04:20:53
356,Trincomalee,8.57,81.23,79.74,81,75,11.41,LK,2020-12-15 04:20:53
357,Saint Anthony,45.02,-93.22,12.2,71,1,1.07,US,2020-12-15 04:20:53
358,Erzin,36.96,36.2,55.99,79,96,5.99,TR,2020-12-15 04:20:54
359,Tessalit,20.2,1.01,61.0,30,94,3.49,ML,2020-12-15 04:14:00
360,Benguela,-12.58,13.41,71.26,82,21,3.38,AO,2020-12-15 04:20:54
361,Kurchum,48.57,83.65,-1.14,82,27,0.69,KZ,2020-12-15 04:20:54
362,Nisia Floresta,-6.09,-35.21,78.8,83,0,10.29,BR,2020-12-15 04:20:54
363,Preobrazheniye,42.9,133.91,9.28,72,0,13.62,RU,2020-12-15 04:18:52
364,Okhotsk,59.38,143.3,-4.16,83,100,29.64,RU,2020-12-15 04:20:55
365,Houma,29.6,-90.72,48.2,76,90,6.93,US,2020-12-15 04:20:55
366,Cabedelo,-6.98,-34.83,77.0,88,40,4.7,BR,2020-12-15 04:20:55
367,Pryazha,61.69,33.62,23.0,92,100,2.24,RU,2020-12-15 04:20:55
368,High Prairie,55.43,-116.49,3.2,84,99,2.24,CA,2020-12-15 04:20:55
369,Charleston,32.78,-79.93,50.0,81,1,10.29,US,2020-12-15 04:20:55
370,Kesova Gora,57.58,37.29,22.03,98,96,4.59,RU,2020-12-15 04:20:55
371,Iqaluit,63.75,-68.51,15.8,72,75,20.8,CA,2020-12-15 04:13:47
372,Moron,-34.65,-58.62,73.4,43,0,11.41,AR,2020-12-15 04:20:56
373,Cabo San Lucas,22.89,-109.91,66.0,72,5,13.87,MX,2020-12-15 04:13:38
374,Vilcun,-38.65,-72.23,46.4,100,75,4.7,CL,2020-12-15 04:20:56
375,Kaura Namoda,12.59,6.58,70.99,22,0,9.31,NG,2020-12-15 04:20:56
376,Rocha,-34.48,-54.33,62.82,46,0,15.28,UY,2020-12-15 04:13:57
377,Laredo,27.51,-99.51,51.8,51,1,11.41,US,2020-12-15 04:20:56
378,Verkh-Usugli,52.7,115.17,-9.94,76,54,1.39,RU,2020-12-15 04:19:04
379,Tanout,14.97,8.89,66.18,27,0,13.69,NE,2020-12-15 04:20:56
380,Dagana,16.52,-15.51,69.8,35,0,2.24,MR,2020-12-15 04:20:56
381,Myrhorod,49.97,33.61,31.82,98,98,5.61,UA,2020-12-15 04:20:56
382,Hobyo,5.35,48.53,76.35,71,47,19.89,SO,2020-12-15 04:20:57
383,Korla,41.76,86.15,24.89,82,84,1.61,CN,2020-12-15 04:19:15
384,Nanortalik,60.14,-45.24,32.95,91,100,3.31,GL,2020-12-15 04:13:25
385,San Cristobal,7.77,-72.22,64.92,82,73,1.48,VE,2020-12-15 04:20:57
386,Ponta Do Sol,32.67,-17.1,60.8,59,20,9.17,PT,2020-12-15 04:13:55
387,Prince George,53.92,-122.75,27.0,100,90,2.24,CA,2020-12-15 04:20:57
388,Vila Velha,-20.33,-40.29,77.0,73,0,9.17,BR,2020-12-15 04:13:17
389,Puerto Ayacucho,5.66,-67.62,75.07,89,1,1.95,VE,2020-12-15 04:20:57
390,Aleksandrov Gay,50.15,48.57,13.89,95,79,10.33,RU,2020-12-15 04:18:53
391,Hualmay,-11.1,-77.61,67.21,86,98,6.06,PE,2020-12-15 04:20:57
392,Nuuk,64.18,-51.72,15.8,78,0,9.17,GL,2020-12-15 04:13:57
393,Moa,20.66,-74.94,76.44,84,5,8.3,CU,2020-12-15 04:20:58
394,Byron Bay,-28.65,153.62,84.99,83,90,18.34,AU,2020-12-15 04:13:22
395,Maragogi,-9.01,-35.22,75.92,86,8,6.31,BR,2020-12-15 04:20:58
396,Huilong,31.81,121.66,42.01,60,85,5.01,CN,2020-12-15 04:20:35
397,Kapit,2.02,112.93,81.61,88,100,2.44,MY,2020-12-15 04:14:00
398,Vilyuysk,63.76,121.62,-20.4,87,96,4.47,RU,2020-12-15 04:20:58
399,Akyab,20.15,92.9,78.53,53,0,4.12,MM,2020-12-15 04:20:59
400,Doka,13.52,35.77,70.29,24,91,8.05,SD,2020-12-15 04:20:59
401,Nizwa,22.93,57.53,62.67,50,0,3.24,OM,2020-12-15 04:18:56
402,Labuan,5.28,115.24,87.8,74,20,5.88,MY,2020-12-15 04:20:59
403,Cap Malheureux,-19.98,57.61,75.99,91,8,7.0,MU,2020-12-15 04:13:40
404,Umm Kaddadah,13.6,26.69,67.57,22,7,10.98,SD,2020-12-15 04:13:13
405,Ubinskoye,55.31,79.68,2.5,94,100,11.77,RU,2020-12-15 04:21:00
406,Kiama,-34.68,150.87,77.0,73,90,16.11,AU,2020-12-15 04:21:00
407,Kavaratti,10.57,72.64,84.2,74,20,2.24,IN,2020-12-15 04:10:38
408,Hurricane,37.18,-113.29,36.0,55,1,10.29,US,2020-12-15 04:21:00
409,Vanimo,-2.67,141.3,86.05,65,93,3.4,PG,2020-12-15 04:13:14
410,Tigil,57.8,158.67,22.5,91,47,24.61,RU,2020-12-15 04:21:00
411,Bijie,27.31,105.29,35.26,82,95,5.08,CN,2020-12-15 04:17:32
412,Ranong,9.97,98.63,80.6,94,20,3.22,TH,2020-12-15 04:21:01
413,Ukholovo,53.79,40.49,19.0,82,100,11.41,RU,2020-12-15 04:21:01
414,Tromso,69.65,18.96,32.0,94,90,6.93,NO,2020-12-15 04:21:01
415,Te Anau,-45.42,167.72,70.61,31,0,8.3,NZ,2020-12-15 04:13:59
416,Nelson Bay,-32.72,152.15,75.2,83,90,17.22,AU,2020-12-15 04:14:02
417,Guerrero Negro,27.98,-114.06,60.67,80,58,16.55,MX,2020-12-15 04:13:37
418,Dali,25.7,100.18,58.84,44,0,5.17,CN,2020-12-15 04:19:04
419,Talas,38.69,35.55,48.2,61,75,8.05,TR,2020-12-15 04:21:02
420,Tuatapere,-46.13,167.68,64.0,71,13,15.99,NZ,2020-12-15 04:12:59
421,Namibe,-15.2,12.15,64.65,84,88,3.2,AO,2020-12-15 04:13:23
422,Sistranda,63.73,8.83,41.0,60,0,16.11,NO,2020-12-15 04:21:02
423,Dombarovskiy,50.76,59.54,10.22,86,5,1.95,RU,2020-12-15 04:21:02
424,Camden,39.78,-74.97,39.0,74,0,1.99,US,2020-12-15 04:21:02
425,Cascais,38.7,-9.42,55.0,100,35,12.01,PT,2020-12-15 04:21:03
426,Sain Alto,23.58,-103.25,53.8,40,0,8.61,MX,2020-12-15 04:21:03
427,Marck,50.95,1.94,50.0,98,100,8.34,FR,2020-12-15 04:21:03
428,Kapuskasing,49.42,-82.43,-5.8,70,100,10.29,CA,2020-12-15 04:19:15
429,Sambava,-14.27,50.17,78.48,67,0,8.14,MG,2020-12-15 04:21:03
430,Pemagatsel,27.03,91.43,57.2,59,11,2.75,BT,2020-12-15 04:21:03
431,Qaanaaq,77.48,-69.36,-6.07,83,1,4.74,GL,2020-12-15 04:13:20
432,Bonfim,3.08,-59.95,80.24,65,52,7.4,BR,2020-12-15 04:21:03
433,Iquitos,-3.75,-73.25,77.0,88,75,1.12,PE,2020-12-15 04:21:03
434,Custodia,-8.09,-37.64,71.47,68,75,5.91,BR,2020-12-15 04:21:04
435,Calatayud,41.35,-1.64,48.2,93,90,2.24,ES,2020-12-15 04:21:04
436,Torbat-E Jam,35.24,60.62,30.96,75,0,1.54,IR,2020-12-15 04:21:04
437,Hargeysa,9.56,44.06,56.08,59,0,11.23,SO,2020-12-15 04:21:04
438,Shingu,33.73,135.98,44.6,45,75,19.46,JP,2020-12-15 04:13:49
439,Avera,33.19,-82.53,50.0,81,1,3.36,US,2020-12-15 04:13:07
440,Esna,25.29,32.55,55.4,47,0,8.01,EG,2020-12-15 04:21:04
441,Cayenne,4.93,-52.33,75.2,100,0,7.85,GF,2020-12-15 04:13:40
442,Maumere,-8.62,122.21,80.94,79,100,4.29,ID,2020-12-15 04:19:36
443,Karasjok,69.47,25.51,28.4,74,100,13.87,NO,2020-12-15 04:21:04
444,Cafarnaum,-11.69,-41.47,63.57,81,0,6.22,BR,2020-12-15 04:21:05
445,Lowestoft,52.48,1.75,45.0,97,99,11.88,GB,2020-12-15 04:21:05
446,Neuquen,-38.95,-68.06,62.6,39,0,9.17,AR,2020-12-15 04:19:33
447,Athabasca,54.72,-113.29,3.2,84,95,1.12,CA,2020-12-15 04:19:11
448,Pala,9.36,14.9,68.92,24,6,5.3,TD,2020-12-15 04:21:05
449,Lazaro Cardenas,17.96,-102.2,74.39,85,3,3.87,MX,2020-12-15 04:21:05
450,Aripuana,-9.17,-60.63,73.72,82,98,0.78,BR,2020-12-15 04:21:05
451,Andenes,69.31,16.12,34.0,88,100,5.82,NO,2020-12-15 04:13:25
452,Liverpool,53.41,-2.98,44.6,81,91,9.17,GB,2020-12-15 04:21:05
453,Alice Springs,-23.7,133.88,98.6,20,75,5.82,AU,2020-12-15 04:13:57
454,San Juan,-31.54,-68.54,79.83,24,0,11.79,AR,2020-12-15 04:21:06
455,Cordoba,-31.41,-64.18,71.01,34,0,12.75,AR,2020-12-15 04:21:06
456,Coos Bay,43.37,-124.22,46.4,100,1,5.82,US,2020-12-15 04:21:06
457,Zhanaozen,43.3,52.8,24.78,86,38,20.02,KZ,2020-12-15 04:21:06
458,Coihaique,-45.58,-72.07,46.4,45,0,5.82,CL,2020-12-15 04:14:12
459,Pangody,65.85,74.49,-13.94,90,92,8.01,RU,2020-12-15 04:21:06
460,Northam,51.03,-4.22,45.0,91,24,8.01,GB,2020-12-15 04:14:00
461,Chegutu,-18.13,30.14,66.58,90,81,4.21,ZW,2020-12-15 04:21:06
462,Buenos Aires,-34.61,-58.38,72.0,60,0,12.75,AR,2020-12-15 04:21:06
463,Urla,38.32,26.76,59.0,87,75,14.99,TR,2020-12-15 04:21:07
464,Balabac,7.99,117.06,84.15,74,98,13.58,PH,2020-12-15 04:21:07
465,Manzanillo,20.34,-77.12,72.82,91,52,5.86,CU,2020-12-15 04:21:07
466,Esik,43.36,77.45,15.8,92,90,2.24,KZ,2020-12-15 04:21:07
467,Xining,36.62,101.77,18.63,77,0,3.44,CN,2020-12-15 04:21:07
468,Luwuk,-0.95,122.79,86.02,67,96,0.72,ID,2020-12-15 04:21:07
469,Borba,-4.39,-59.59,74.44,90,90,2.26,BR,2020-12-15 04:21:07
470,Saldanha,-33.01,17.94,59.0,87,0,9.17,ZA,2020-12-15 04:13:26
471,Hovd,48.01,91.64,2.52,79,0,0.78,MN,2020-12-15 04:21:07
472,Turukhansk,65.82,87.98,-25.78,85,99,8.95,RU,2020-12-15 04:13:41
473,Tafo,6.73,-1.61,71.17,98,24,3.74,GH,2020-12-15 04:21:08
474,Digha,21.68,87.55,79.11,41,0,9.69,IN,2020-12-15 04:21:08
475,Carbonia,39.17,8.52,48.2,87,0,4.7,IT,2020-12-15 04:13:59
476,Ust-Nera,64.57,143.2,-30.84,74,65,1.63,RU,2020-12-15 04:18:48
477,San Francisco,37.77,-122.42,51.8,71,20,3.36,US,2020-12-15 04:18:33
478,Kalmunai,7.42,81.82,79.54,82,74,8.37,LK,2020-12-15 04:19:12
479,Bubaque,11.28,-15.83,79.29,60,4,15.68,GW,2020-12-15 04:21:09
480,Quimper,48.0,-4.1,48.2,81,22,8.05,FR,2020-12-15 04:21:09
481,Karratha,-20.74,116.85,86.9,50,49,11.1,AU,2020-12-15 04:08:40
482,Male,4.17,73.51,82.4,83,75,5.82,MV,2020-12-15 04:17:54
483,Saint-Louis,16.33,-15.0,69.8,35,0,2.24,SN,2020-12-15 04:21:09
484,Sisimiut,66.94,-53.67,11.03,89,0,14.18,GL,2020-12-15 04:14:06
485,West Odessa,31.84,-102.5,44.6,36,1,17.22,US,2020-12-15 04:21:09
486,San Andres,12.58,-81.7,78.8,88,75,11.41,CO,2020-12-15 04:20:03
487,Vallenar,-28.57,-70.76,61.32,69,0,0.87,CL,2020-12-15 04:21:10
488,Itoman,26.12,127.67,64.4,68,75,18.34,JP,2020-12-15 04:08:35
489,Bani,18.28,-70.33,73.99,89,1,9.31,DO,2020-12-15 04:21:10
490,Les Cayes,18.2,-73.75,73.83,84,25,3.78,HT,2020-12-15 04:21:10
491,Labuhan,-6.88,112.21,82.35,78,99,3.67,ID,2020-12-15 04:21:10
492,Palauig,15.44,119.9,86.77,62,38,4.59,PH,2020-12-15 04:21:10
493,Kandrian,-6.22,149.55,83.32,76,97,6.38,PG,2020-12-15 04:21:10
494,Ottawa,45.41,-75.7,25.0,53,20,20.8,CA,2020-12-15 04:16:30
495,Camana,-16.62,-72.71,67.12,78,93,6.55,PE,2020-12-15 04:21:10
496,Pecq,48.89,2.1,51.01,93,90,3.36,FR,2020-12-15 04:21:10
497,Tulle,45.33,1.83,50.0,49,100,6.2,FR,2020-12-15 04:21:11
498,High Level,58.52,-117.14,-5.8,91,90,2.24,CA,2020-12-15 04:21:11
499,High Rock,26.62,-78.28,75.2,88,0,4.7,BS,2020-12-15 04:21:11
500,Opuwo,-18.06,13.84,57.15,46,25,2.26,NA,2020-12-15 04:13:31
501,Tabuk,17.42,121.44,73.13,90,99,4.76,PH,2020-12-15 04:21:11
502,Inirida,3.87,-67.92,74.16,93,85,2.35,CO,2020-12-15 04:21:11
503,Usinsk,65.99,57.53,1.09,94,84,6.55,RU,2020-12-15 04:21:11
504,Westport,41.14,-73.36,36.0,92,1,13.56,US,2020-12-15 04:12:45
505,Sagunto,39.68,-0.27,54.0,100,0,2.24,ES,2020-12-15 04:21:11
506,Patti,31.28,74.86,51.8,93,40,4.9,IN,2020-12-15 04:21:12
507,Weligama,5.97,80.42,82.4,69,59,1.05,LK,2020-12-15 04:21:12
508,Kyabe,9.45,18.94,68.83,25,0,2.66,TD,2020-12-15 04:21:12
509,Wanning,18.8,110.4,70.3,86,100,16.82,CN,2020-12-15 04:14:08
510,Huarmey,-10.07,-78.15,67.87,83,99,4.47,PE,2020-12-15 04:13:16
511,Orange,33.7,-117.77,55.0,69,0,2.82,US,2020-12-15 04:20:45
512,Biak,-0.91,122.88,84.09,69,96,2.06,ID,2020-12-15 04:14:08
513,Rathdrum,47.81,-116.89,33.01,92,90,2.1,US,2020-12-15 04:21:13
514,Hobara,37.82,140.55,33.01,86,99,12.19,JP,2020-12-15 04:21:13
515,Baghdad,33.34,44.4,55.4,62,0,17.22,IQ,2020-12-15 04:13:32
516,Tateyama,34.98,139.87,51.8,47,20,17.22,JP,2020-12-15 04:19:12
517,Najran,17.49,44.13,48.2,55,0,1.63,SA,2020-12-15 04:13:28
518,Banda Aceh,5.56,95.32,82.0,74,100,9.4,ID,2020-12-15 04:10:03
519,San Policarpo,12.18,125.51,83.17,81,61,12.95,PH,2020-12-15 04:13:20
520,College,64.86,-147.8,14.0,72,90,8.05,US,2020-12-15 04:13:51
521,The Valley,18.22,-63.06,79.0,83,20,2.24,AI,2020-12-15 04:13:43
522,Arlit,18.74,7.39,67.82,28,0,10.11,NE,2020-12-15 04:21:13
523,Madhupur,24.25,86.65,74.43,34,0,6.29,IN,2020-12-15 04:21:14
524,San Patricio,28.02,-97.52,52.0,87,40,6.93,US,2020-12-15 04:13:53
525,Poum,-20.23,164.02,81.16,73,28,12.41,NC,2020-12-15 04:13:24
526,Manaure,11.78,-72.44,79.39,82,4,13.47,CO,2020-12-15 04:21:14
527,Wasilla,61.58,-149.44,26.01,58,20,6.93,US,2020-12-15 04:21:14
528,Pacific Grove,36.62,-121.92,51.01,81,75,4.7,US,2020-12-15 04:14:05
529,Alta Floresta,-9.88,-56.09,70.93,96,82,4.14,BR,2020-12-15 04:13:20
530,Sokoto,13.06,5.24,71.82,22,0,9.42,NG,2020-12-15 04:21:14
531,Qinhuangdao,39.93,119.59,20.55,70,6,1.63,CN,2020-12-15 04:17:43
532,Zhicheng,30.3,111.5,41.0,40,30,3.33,CN,2020-12-15 04:13:38
533,Aginskoye,51.1,114.53,-2.04,84,91,3.13,RU,2020-12-15 04:19:04
534,Udachnyy,66.42,112.4,-22.0,67,75,4.47,RU,2020-12-15 04:08:37
535,Quillota,-32.88,-71.27,49.98,80,0,0.47,CL,2020-12-15 04:21:15
536,Amahai,-3.33,128.92,90.77,58,97,6.76,ID,2020-12-15 04:21:15
537,Nargana,9.44,-78.59,80.37,79,99,8.23,PA,2020-12-15 04:21:15
538,Ust-Uda,54.17,103.03,10.09,94,100,6.91,RU,2020-12-15 04:21:16
539,Saint Simons,31.14,-81.39,55.4,87,1,6.93,US,2020-12-15 04:20:12
540,Vostok,46.49,135.88,-9.69,87,100,5.5,RU,2020-12-15 04:13:47
541,Bulungu,-4.55,18.6,70.16,89,87,1.59,CD,2020-12-15 04:21:16
542,Savalou,7.93,1.98,77.79,79,6,5.19,BJ,2020-12-15 04:21:16
543,Bachi-Yurt,43.22,46.2,35.6,93,90,6.71,RU,2020-12-15 04:21:17
544,Taltal,-25.4,-70.48,60.96,77,15,0.02,CL,2020-12-15 04:21:17
545,Dulyapino,57.26,40.81,23.0,85,90,4.47,RU,2020-12-15 04:21:17
546,Paamiut,61.99,-49.67,30.85,87,90,4.38,GL,2020-12-15 04:13:32
547,Lobito,-12.35,13.55,72.28,82,20,4.9,AO,2020-12-15 04:21:17
548,Bara,10.37,10.73,68.86,24,66,6.51,NG,2020-12-15 04:21:17
549,Ayr,55.46,-4.63,46.0,93,0,10.29,GB,2020-12-15 04:21:17
550,Dire,12.28,-10.97,70.2,34,0,1.66,ML,2020-12-15 04:21:17
551,Pangnirtung,66.15,-65.71,10.49,78,99,3.94,CA,2020-12-15 04:13:30
552,Ust-Kan,50.93,84.76,10.89,89,100,4.99,RU,2020-12-15 04:21:17
553,Aras,42.56,-2.36,48.0,100,75,1.12,ES,2020-12-15 04:21:18
554,Eyl,7.98,49.82,72.88,64,58,18.79,SO,2020-12-15 04:13:52
555,Colac,-38.33,143.58,71.01,71,34,1.99,AU,2020-12-15 04:21:18
556,Asau,46.43,26.4,37.4,93,90,4.7,RO,2020-12-15 04:13:27
557,Ponta Delgada,37.73,-25.67,60.8,72,75,24.16,PT,2020-12-15 04:21:18
558,Bobrov,51.1,40.03,25.99,98,100,9.04,RU,2020-12-15 04:21:18
559,Zeya,53.75,127.27,-5.12,76,0,3.65,RU,2020-12-15 04:21:18
560,Hirara,24.8,125.28,66.2,77,75,17.22,JP,2020-12-15 04:18:17
561,Goulburn,-34.75,149.72,79.0,74,69,12.08,AU,2020-12-15 04:21:18
562,Porto Empedocle,37.29,13.53,48.0,50,0,5.75,IT,2020-12-15 04:21:19
563,Padang,-0.95,100.35,84.43,62,100,4.76,ID,2020-12-15 04:09:07
564,Moyale,3.52,39.06,64.44,41,0,8.25,KE,2020-12-15 04:21:19
565,Nampula,-15.12,39.27,75.2,88,75,3.36,MZ,2020-12-15 04:21:19
566,Madang,-5.22,145.8,80.87,78,99,2.86,PG,2020-12-15 04:21:19
567,Ludvika,60.15,15.19,37.99,100,100,9.17,SE,2020-12-15 04:21:19
568,Doha,25.29,51.53,62.6,77,0,1.12,QA,2020-12-15 04:21:19
569,Giyani,-23.3,30.72,74.34,83,74,2.37,ZA,2020-12-15 04:21:19
570,Kudahuvadhoo,2.67,72.89,82.44,65,62,1.86,MV,2020-12-15 04:21:19
571,Santiago Del Estero,-27.8,-64.26,75.0,53,73,7.0,AR,2020-12-15 04:13:40
572,Marquette,46.53,-87.63,16.0,73,100,8.14,US,2020-12-15 04:21:20
573,Chimore,-16.98,-65.13,69.28,96,100,1.45,BO,2020-12-15 04:21:20
574,Praia Da Vitoria,38.73,-27.07,62.01,82,75,25.99,PT,2020-12-15 04:13:41
575,Batie,9.88,-2.92,79.29,44,74,1.95,BF,2020-12-15 04:21:20
576,Ebolowa,2.9,11.15,69.98,95,100,1.86,CM,2020-12-15 04:21:20
577,Belaya Gora,68.53,146.42,-26.99,86,55,2.51,RU,2020-12-15 04:21:20
578,Aitape,-3.14,142.35,83.26,69,98,0.78,PG,2020-12-15 04:21:21
579,Diamantino,-14.41,-56.45,73.78,84,100,2.17,BR,2020-12-15 04:13:37
580,Chirongui,-12.93,45.15,82.4,78,0,5.82,YT,2020-12-15 04:21:21
581,Walvis Bay,-22.96,14.51,61.0,82,1,3.36,NA,2020-12-15 04:21:21
582,Atar,20.52,-13.05,62.74,29,0,7.31,MR,2020-12-15 04:12:59
